,DATES,Last Price,Open Price,Low Price,High Price,Volume
0,2021-01-04,129.41,133.52,126.76,133.612,143301887
1,2021-01-05,131.01,128.89,128.43,131.74,97664898
2,2021-01-06,126.6,127.72,126.382,131.05,155087970
3,2021-01-07,130.92,128.36,127.86,131.63,109578157
4,2021-01-08,132.05,132.43,130.23,132.63,105158245
5,2021-01-11,128.98,129.19,128.5,130.17,100620880
6,2021-01-12,128.8,128.5,126.86,129.69,91951145
7,2021-01-13,130.89,128.76,128.49,131.45,88636831
8,2021-01-14,128.91,130.8,128.76,131.0,90221755
9,2021-01-15,127.14,128.78,127.0,130.224,111598531
10,2021-01-19,127.83,127.78,126.938,128.71,90757329
11,2021-01-20,132.03,128.66,128.55,132.49,104319489
12,2021-01-21,136.87,133.8,133.59,139.67,120529544
13,2021-01-22,139.07,136.28,135.02,139.85,114459360
14,2021-01-25,142.92,143.07,136.54,145.09,157611713
15,2021-01-26,143.16,143.6,141.37,144.3,98390555
16,2021-01-27,142.06,143.43,140.41,144.3,140843759
17,2021-01-28,137.09,139.52,136.7,141.99,142621128
18,2021-01-29,131.96,135.83,130.21,136.74,177523812
19,2021-02-01,134.14,133.75,130.93,135.38,106239823
20,2021-02-02,134.99,135.73,134.61,136.31,83305367
21,2021-02-03,133.94,135.76,133.61,135.77,89880937
22,2021-02-04,137.39,136.3,134.59,137.4,84183061
23,2021-02-05,136.76,137.35,135.86,137.42,75693830
24,2021-02-08,136.91,136.03,134.92,136.96,71297214
25,2021-02-09,136.01,136.62,135.85,137.877,76774213
26,2021-02-10,135.39,136.48,134.4,136.99,73046563
27,2021-02-11,135.13,135.9,133.77,136.39,64280029
28,2021-02-12,135.37,134.35,133.692,135.53,60145130
29,2021-02-16,133.19,135.49,132.79,136.01,80576316
30,2021-02-17,130.84,131.25,129.47,132.22,98085249
31,2021-02-18,129.71,129.2,127.41,129.995,96856748
32,2021-02-19,129.87,130.24,128.8,130.71,87668834
33,2021-02-22,126.0,128.01,125.6,129.72,103916419
34,2021-02-23,125.86,123.76,118.39,126.71,158273022
35,2021-02-24,125.35,124.94,122.23,125.56,111039904
36,2021-02-25,120.99,124.68,120.54,126.459,148199540
37,2021-02-26,121.26,122.59,121.2,124.85,164560394
38,2021-03-01,127.79,123.75,122.79,127.93,116307892
39,2021-03-02,125.12,128.41,125.01,128.72,102260945
40,2021-03-03,122.06,124.81,121.84,125.71,112966340
41,2021-03-04,120.13,121.75,118.62,123.6,178154975
42,2021-03-05,121.42,120.98,117.57,121.935,153766601
43,2021-03-08,116.36,120.93,116.21,121.0,154376610
44,2021-03-09,121.085,119.03,118.79,122.06,129525780
45,2021-03-10,119.98,121.69,119.45,122.17,111943326
46,2021-03-11,121.96,122.54,121.26,123.21,103026514
47,2021-03-12,121.03,120.4,119.16,121.17,88105050
48,2021-03-15,123.99,121.41,120.42,124.0,92590555
49,2021-03-16,125.57,125.7,124.715,127.22,115227936
50,2021-03-17,124.76,124.05,122.336,125.86,111932636
51,2021-03-18,120.53,122.88,120.32,123.18,121469755
52,2021-03-19,119.99,119.9,119.675,121.43,185549522
53,2021-03-22,123.39,120.33,120.26,123.87,111912284
54,2021-03-23,122.54,123.33,122.14,124.24,95467142
55,2021-03-24,120.09,122.82,120.065,122.9,88530485
56,2021-03-25,120.59,119.54,119.0,121.66,98844681
57,2021-03-26,121.21,120.35,118.92,121.48,94071234
58,2021-03-29,121.39,121.65,120.73,122.58,80819203
59,2021-03-30,119.9,120.11,118.86,120.403,85671919
60,2021-03-31,122.15,121.65,121.15,123.52,118323826
61,2021-04-01,123.0,123.66,122.49,124.18,75089134
62,2021-04-05,125.9,123.87,123.07,126.16,88651175
63,2021-04-06,126.21,126.5,125.65,127.13,80171253
64,2021-04-07,127.9,125.83,125.14,127.92,83466716
65,2021-04-08,130.36,128.95,128.52,130.39,88844591
66,2021-04-09,132.995,129.8,129.47,133.04,106686703
67,2021-04-12,131.24,132.52,130.63,132.85,91419983
68,2021-04-13,134.43,132.44,131.93,134.66,91266545
69,2021-04-14,132.03,134.94,131.655,135.0,87222782
70,2021-04-15,134.5,133.82,133.64,135.0,89347102
71,2021-04-16,134.16,134.3,133.28,134.67,84922386
72,2021-04-19,134.84,133.51,133.34,135.47,94264215
73,2021-04-20,133.11,135.02,131.81,135.53,94812349
74,2021-04-21,133.5,132.36,131.3,133.75,68847136
75,2021-04-22,131.94,133.04,131.41,134.15,84566456
76,2021-04-23,134.32,132.16,132.16,135.12,78756779
77,2021-04-26,134.72,134.83,133.56,135.06,66905069
78,2021-04-27,134.39,135.01,134.11,135.41,66015804
79,2021-04-28,133.58,134.31,133.08,135.02,107760097
80,2021-04-29,133.48,136.47,132.45,137.07,151100953
81,2021-04-30,131.46,131.78,131.065,133.56,109839466
82,2021-05-03,132.54,132.04,131.83,134.07,75135100
83,2021-05-04,127.85,131.19,126.7,131.49,137564718
84,2021-05-05,128.1,129.2,127.97,130.45,84000900
85,2021-05-06,129.74,127.89,127.13,129.75,78128334
86,2021-05-07,130.21,130.85,129.475,131.258,78973273
87,2021-05-10,126.85,129.41,126.81,129.54,88071229
88,2021-05-11,125.91,123.5,122.77,126.27,126142826
89,2021-05-12,122.77,123.4,122.25,124.64,112172282
90,2021-05-13,124.97,124.58,124.26,126.15,105861339
91,2021-05-14,127.45,126.25,125.85,127.89,81917951
92,2021-05-17,126.27,126.82,125.17,126.93,74244624
93,2021-05-18,124.85,126.56,124.78,126.99,63342929
94,2021-05-19,124.69,123.16,122.86,124.915,92611989
95,2021-05-20,127.31,125.23,125.1,127.72,76857123
96,2021-05-21,125.43,127.82,125.21,128.0,79295436
97,2021-05-24,127.1,126.01,125.94,127.94,63092945
98,2021-05-25,126.9,127.82,126.32,128.32,72009482
99,2021-05-26,126.85,126.955,126.42,127.39,56575920
100,2021-05-27,125.28,126.44,125.08,127.64,94625601
101,2021-05-28,124.61,125.57,124.55,125.8,71311109
102,2021-06-01,124.28,125.08,123.94,125.35,67637118
103,2021-06-02,125.06,124.28,124.05,125.24,59278862
104,2021-06-03,123.54,124.68,123.13,124.85,76229170
105,2021-06-04,125.89,124.07,123.85,126.16,75169343
106,2021-06-07,125.9,126.17,124.832,126.32,71057550
107,2021-06-08,126.74,126.6,126.21,128.46,74403774
108,2021-06-09,127.13,127.21,126.52,127.75,56877937
109,2021-06-10,126.11,127.02,125.94,128.19,71186421
110,2021-06-11,127.35,126.53,126.1,127.44,53522373
111,2021-06-14,130.48,127.82,127.07,130.54,96906490
112,2021-06-15,129.64,129.94,129.39,130.6,62746332
113,2021-06-16,130.15,130.37,128.461,130.89,91815026
114,2021-06-17,131.79,129.8,129.65,132.55,96721669
115,2021-06-18,130.46,130.71,130.24,131.51,108953309
116,2021-06-21,132.3,130.3,129.21,132.41,79663316
117,2021-06-22,133.98,132.13,131.62,134.08,74783618
118,2021-06-23,133.7,133.77,133.23,134.32,60214200
119,2021-06-24,133.41,134.45,132.93,134.64,68710998
120,2021-06-25,133.11,133.46,132.81,133.89,70783746
121,2021-06-28,134.78,133.41,133.35,135.245,62111303
122,2021-06-29,136.33,134.8,134.35,136.49,64556081
123,2021-06-30,136.96,136.17,135.87,137.41,63261393
124,2021-07-01,137.27,136.6,135.76,137.33,52485781
125,2021-07-02,139.96,137.9,137.745,140.0,78945572
126,2021-07-06,142.02,140.07,140.07,143.15,108181793
127,2021-07-07,144.57,143.535,142.66,144.89,104911589
128,2021-07-08,143.24,141.58,140.665,144.06,105575458
129,2021-07-09,145.11,142.75,142.652,145.65,99890800
130,2021-07-12,144.5,146.21,144.0,146.32,76299719
131,2021-07-13,145.64,144.03,143.63,147.46,100827099
132,2021-07-14,149.15,148.1,147.68,149.57,127050785
133,2021-07-15,148.48,149.24,147.09,150.0,106820297
134,2021-07-16,146.39,148.46,145.88,149.76,93251426
135,2021-07-19,142.45,143.75,141.67,144.07,121434571
136,2021-07-20,146.15,143.46,142.96,147.1,96350036
137,2021-07-21,145.4,145.53,144.63,146.13,74993460
138,2021-07-22,146.8,145.935,145.81,148.195,77338156
139,2021-07-23,148.56,147.55,146.92,148.718,71447416
140,2021-07-26,148.99,148.27,147.7,149.83,72434089
141,2021-07-27,146.77,149.12,145.55,149.21,104818578
142,2021-07-28,144.98,144.81,142.54,146.97,118931191
143,2021-07-29,145.64,144.685,144.58,146.55,56699475
144,2021-07-30,145.86,144.38,144.11,146.33,70440626
145,2021-08-02,145.52,146.36,145.25,146.95,62879961
146,2021-08-03,147.36,145.81,145.18,148.045,64786618
147,2021-08-04,146.95,147.27,146.28,147.79,56368271
148,2021-08-05,147.06,146.98,146.17,147.84,46397674
149,2021-08-06,146.14,146.35,145.63,147.11,54126813
150,2021-08-09,146.09,146.2,145.52,146.7,48908689
151,2021-08-10,145.6,146.44,145.3,147.71,69023081
152,2021-08-11,145.86,146.05,145.53,146.72,48493463
153,2021-08-12,148.89,146.19,145.84,149.05,73779113
154,2021-08-13,149.1,148.97,148.27,149.444,59375009
155,2021-08-16,151.12,148.535,146.47,151.19,103558782
156,2021-08-17,150.19,150.23,149.09,151.68,92229735
157,2021-08-18,146.36,149.8,146.15,150.72,86325990
158,2021-08-19,146.7,145.03,144.5,148.0,86960310
159,2021-08-20,148.19,147.44,146.78,148.5,60549630
160,2021-08-23,149.71,148.31,147.89,150.19,60131810
161,2021-08-24,149.62,149.45,149.15,150.86,48606428
162,2021-08-25,148.36,149.81,147.8,150.32,58991297
163,2021-08-26,147.54,148.35,147.51,149.12,48597195
164,2021-08-27,148.6,147.48,146.83,148.75,55802388
165,2021-08-30,153.12,149.0,148.61,153.49,90956723
166,2021-08-31,151.83,152.66,151.29,152.8,86453117
167,2021-09-01,152.51,152.83,152.34,154.98,80313711
168,2021-09-02,153.65,153.87,152.4,154.72,71171317
169,2021-09-03,154.3,153.76,153.09,154.63,57866066
170,2021-09-07,156.69,154.97,154.39,157.26,82278261
171,2021-09-08,155.11,156.98,153.975,157.04,74420207
172,2021-09-09,154.07,155.49,153.95,156.11,57305730
173,2021-09-10,148.97,155.0,148.7,155.48,140893235
174,2021-09-13,149.55,150.63,148.75,151.42,102404329
175,2021-09-14,148.12,150.35,146.91,151.07,109296295
176,2021-09-15,149.03,148.56,146.37,149.44,83281315
177,2021-09-16,148.79,148.44,147.221,148.97,68034149
178,2021-09-17,146.06,148.82,145.76,148.82,129868824
179,2021-09-20,142.94,143.8,141.27,144.84,123478863
180,2021-09-21,143.43,143.93,142.78,144.6,75833962
181,2021-09-22,145.85,144.45,143.7,146.43,76404341
182,2021-09-23,146.83,146.65,145.64,147.08,64838170
183,2021-09-24,146.92,145.66,145.56,147.47,53477869
184,2021-09-27,145.37,145.47,143.82,145.96,74150729
185,2021-09-28,141.91,143.25,141.69,144.75,108972340
186,2021-09-29,142.83,142.47,142.03,144.45,74602044
187,2021-09-30,141.5,143.66,141.28,144.378,89056664
188,2021-10-01,142.65,141.9,139.11,142.92,94639581
189,2021-10-04,139.14,141.76,138.27,142.21,98322008
190,2021-10-05,141.11,139.49,139.36,142.24,80861062
191,2021-10-06,142.0,139.47,138.37,142.15,83221119
192,2021-10-07,143.29,143.06,142.72,144.215,61732656
193,2021-10-08,142.9,144.03,142.56,144.178,58773155
194,2021-10-11,142.81,142.27,141.81,144.81,64452219
195,2021-10-12,141.51,143.23,141.04,143.25,73035859
196,2021-10-13,140.91,141.235,139.2,141.4,78762721
197,2021-10-14,143.76,142.11,141.51,143.88,69907100
198,2021-10-15,144.84,143.77,143.51,144.895,67940334
199,2021-10-18,146.55,143.445,143.16,146.84,85589175
200,2021-10-19,148.76,147.01,146.55,149.17,76378894
201,2021-10-20,149.26,148.7,148.12,149.754,58418788
202,2021-10-21,149.48,148.81,147.87,149.64,61420990
203,2021-10-22,148.69,149.69,148.64,150.18,58883443
204,2021-10-25,148.64,148.68,147.621,149.37,50720556
205,2021-10-26,149.32,149.33,149.01,150.84,60893395
206,2021-10-27,148.85,149.36,148.49,149.73,56094929
207,2021-10-28,152.57,149.82,149.72,153.165,100077888
208,2021-10-29,149.8,147.215,146.413,149.94,124953168
209,2021-11-01,148.96,148.985,147.8,149.7,74588258
210,2021-11-02,150.02,148.66,148.65,151.57,69121987
211,2021-11-03,151.49,150.39,149.82,151.97,54511534
212,2021-11-04,150.96,151.58,150.64,152.43,60394616
213,2021-11-05,151.28,151.89,150.06,152.2,65463883
214,2021-11-08,150.44,151.41,150.16,151.57,55020868
215,2021-11-09,150.81,150.2,150.06,151.428,56787930
216,2021-11-10,147.92,150.02,147.85,150.13,65187092
217,2021-11-11,147.87,148.96,147.681,149.43,40999950
218,2021-11-12,149.99,148.43,147.48,150.4,63804008
219,2021-11-15,150.0,150.37,149.43,151.88,59222803
220,2021-11-16,151.0,149.94,149.34,151.488,59256210
221,2021-11-17,153.49,150.995,150.99,155.0,88807000
222,2021-11-18,157.87,153.71,153.05,158.67,137827673
223,2021-11-19,160.55,157.65,156.533,161.02,117305597
224,2021-11-22,161.02,161.68,161.0,165.7,117467889
225,2021-11-23,161.41,161.12,159.06,161.8,96041899
226,2021-11-24,161.94,160.75,159.64,162.14,69463623
227,2021-11-26,156.81,159.565,156.36,160.45,76959752
228,2021-11-29,160.24,159.37,158.79,161.19,88748217
229,2021-11-30,165.3,159.985,159.92,165.52,174048056
230,2021-12-01,164.77,167.48,164.53,170.3,152423003
231,2021-12-02,163.76,158.735,157.8,164.2,136739174
232,2021-12-03,161.84,164.02,159.72,164.96,118023116
233,2021-12-06,165.32,164.29,164.28,167.88,107496982
234,2021-12-07,171.18,169.08,168.34,171.58,120405352
235,2021-12-08,175.08,172.125,170.7,175.96,116998901
236,2021-12-09,174.56,174.91,173.92,176.75,108923739
237,2021-12-10,179.45,175.205,174.69,179.63,115402731
238,2021-12-13,175.74,181.115,175.53,182.13,153237019
239,2021-12-14,174.33,175.25,172.21,177.74,139380382
240,2021-12-15,179.3,175.11,172.311,179.5,131063257
241,2021-12-16,172.26,179.28,170.75,181.14,150185843
242,2021-12-17,171.14,169.93,169.69,173.47,195923441
243,2021-12-20,169.75,168.28,167.46,170.58,107499114
244,2021-12-21,172.99,171.555,169.12,173.2,91185905
245,2021-12-22,175.64,173.04,172.15,175.86,92135303
246,2021-12-23,176.28,175.85,175.27,176.85,68356567
247,2021-12-27,180.33,177.085,177.07,180.42,74919582
248,2021-12-28,179.29,180.16,178.53,181.33,79144339
249,2021-12-29,179.38,179.33,178.14,180.63,62348931
250,2021-12-30,178.2,179.47,178.09,180.57,59773014
251,2021-12-31,177.57,178.085,177.26,179.23,64062261
252,2022-01-03,182.01,177.83,177.71,182.88,104701220
253,2022-01-04,179.7,182.63,179.12,182.94,99310438
254,2022-01-05,174.92,179.61,174.64,180.17,94537602
255,2022-01-06,172.0,172.7,171.64,175.3,96903955
256,2022-01-07,172.17,172.89,171.03,174.14,86709147
257,2022-01-10,172.19,169.08,168.17,172.5,106765552
258,2022-01-11,175.08,172.32,170.82,175.18,76138312
259,2022-01-12,175.53,176.12,174.82,177.18,74805173
260,2022-01-13,172.19,175.78,171.79,176.62,84505760
261,2022-01-14,173.07,171.34,171.09,173.78,80440780
262,2022-01-18,169.8,171.51,169.405,172.54,91168729
263,2022-01-19,166.23,170.0,165.94,171.08,94814990
264,2022-01-20,164.51,166.98,164.18,169.68,91420515
265,2022-01-21,162.41,164.415,162.3,166.33,122848858
266,2022-01-24,161.62,160.02,154.7,162.3,162706686
267,2022-01-25,159.78,158.98,157.02,162.76,115798367
268,2022-01-26,159.69,163.5,157.82,164.389,108275308
269,2022-01-27,159.22,162.45,158.28,163.84,121954638
270,2022-01-28,170.33,165.71,162.8,170.35,179935660
271,2022-01-31,174.78,170.16,169.51,175.0,115541590
272,2022-02-01,174.61,174.01,172.31,174.84,86213911
273,2022-02-02,175.84,174.745,173.33,175.88,84914256
274,2022-02-03,172.9,174.48,172.12,176.24,89418074
275,2022-02-04,172.39,171.68,170.68,174.1,82465400
276,2022-02-07,171.66,172.86,170.95,173.946,77251204
277,2022-02-08,174.83,171.73,171.43,175.35,74829217
278,2022-02-09,176.28,176.05,174.9,176.65,71285038
279,2022-02-10,172.12,174.14,171.55,175.48,90865899
280,2022-02-11,168.64,172.33,168.04,173.08,98670687
281,2022-02-14,168.88,167.37,166.56,169.58,86185530
282,2022-02-15,172.79,170.97,170.25,172.95,64286320
283,2022-02-16,172.55,171.85,170.05,173.34,61177398
284,2022-02-17,168.88,171.03,168.47,171.91,69589344
285,2022-02-18,167.3,169.82,166.19,170.541,82772674
286,2022-02-22,164.32,164.98,162.15,166.69,91162758
287,2022-02-23,160.07,165.54,159.75,166.15,90009247
288,2022-02-24,162.74,152.58,152.0,162.85,141147540
289,2022-02-25,164.85,163.84,160.874,165.12,91974222
290,2022-02-28,165.12,163.06,162.43,165.42,95056629
291,2022-03-01,163.2,164.695,161.97,166.6,83474425
292,2022-03-02,166.56,164.39,162.95,167.36,79724750
293,2022-03-03,166.23,168.47,165.55,168.91,76678441
294,2022-03-04,163.17,164.49,162.1,165.55,83819592
295,2022-03-07,159.3,163.36,159.04,165.02,96418845
296,2022-03-08,157.44,158.82,155.8,162.88,131148280
297,2022-03-09,162.95,161.475,159.41,163.41,91454905
298,2022-03-10,158.52,160.2,155.98,160.39,105342033
299,2022-03-11,154.73,158.93,154.5,159.28,96970102
300,2022-03-14,150.62,151.45,150.1,154.12,108732111
301,2022-03-15,155.09,150.9,150.38,155.57,92964302
302,2022-03-16,159.59,157.05,154.46,160.0,102300157
303,2022-03-17,160.62,158.61,157.63,161.0,75615376
304,2022-03-18,163.98,160.51,159.76,164.48,123511692
305,2022-03-21,165.38,163.51,163.015,166.35,95811352
306,2022-03-22,168.82,165.51,164.91,169.42,81532007
307,2022-03-23,170.21,167.99,167.65,172.64,98062674
308,2022-03-24,174.07,171.06,170.21,174.14,90131418
309,2022-03-25,174.72,173.88,172.75,175.28,80546156
310,2022-03-28,175.6,172.17,172.0,175.73,90371916
311,2022-03-29,178.96,176.69,176.34,179.01,100589440
312,2022-03-30,177.77,178.55,176.7,179.61,92633154
313,2022-03-31,174.61,177.84,174.4,178.03,103049285
314,2022-04-01,174.31,174.03,171.94,174.88,78751328
315,2022-04-04,178.44,174.57,174.44,178.49,76545983
316,2022-04-05,175.06,177.5,174.415,178.3,73401786
317,2022-04-06,171.83,172.36,170.13,173.63,89058782
318,2022-04-07,172.14,171.16,169.85,173.36,77594650
319,2022-04-08,170.09,171.78,169.2,171.78,76575508
320,2022-04-11,165.75,168.71,165.5,169.03,72246706
321,2022-04-12,167.66,168.02,166.64,169.87,79265181
322,2022-04-13,170.4,167.39,166.77,171.04,70618925
323,2022-04-14,165.29,170.62,165.04,171.27,75329376
324,2022-04-18,165.07,163.92,163.57,166.598,69023941
325,2022-04-19,167.4,165.02,163.91,167.82,67723833
326,2022-04-20,167.23,168.76,166.1,168.88,67929814
327,2022-04-21,166.42,168.91,165.91,171.53,87227768
328,2022-04-22,161.79,166.46,161.5,167.87,84882424
329,2022-04-25,162.88,161.12,158.46,163.17,96046376
330,2022-04-26,156.8,162.25,156.72,162.34,95623240
331,2022-04-27,156.57,155.91,155.38,159.79,88063191
332,2022-04-28,163.64,159.25,158.93,164.515,130216792
333,2022-04-29,157.65,161.84,157.25,166.2,131747571
334,2022-05-02,157.96,156.71,153.27,158.23,123055265
335,2022-05-03,159.48,158.15,156.32,160.71,88966526
336,2022-05-04,166.02,159.67,159.26,166.48,108256503
337,2022-05-05,156.77,163.85,154.95,164.08,130525275
338,2022-05-06,157.28,156.01,154.18,159.44,116124647
339,2022-05-09,152.06,154.925,151.49,155.83,131577921
340,2022-05-10,154.51,155.52,152.93,156.74,115366736
341,2022-05-11,146.5,153.5,145.81,155.45,142689825
342,2022-05-12,142.56,142.77,138.8,146.2,182602041
343,2022-05-13,147.11,144.59,143.11,148.105,113990852
344,2022-05-16,145.54,145.55,144.18,147.52,86643781
345,2022-05-17,149.24,148.86,146.68,149.77,78336254
346,2022-05-18,140.82,146.85,139.9,147.36,109742890
347,2022-05-19,137.35,139.88,136.6,141.66,136095640
348,2022-05-20,137.59,139.09,132.61,140.7,137426125
349,2022-05-23,143.11,137.79,137.65,143.26,117726265
350,2022-05-24,140.36,140.805,137.33,141.97,104132746
351,2022-05-25,140.52,138.43,138.34,141.785,92482696
352,2022-05-26,143.78,137.39,137.14,144.34,90601548
353,2022-05-27,149.64,145.39,145.26,149.68,90978503
354,2022-05-31,148.84,149.07,146.84,150.66,103718416
355,2022-06-01,148.71,149.9,147.68,151.74,74286635
356,2022-06-02,151.21,147.83,146.86,151.27,72348055
357,2022-06-03,145.38,146.9,144.46,147.97,88570289
358,2022-06-06,146.14,147.03,144.9,148.569,71598380
359,2022-06-07,148.71,144.345,144.1,149.0,67808150
360,2022-06-08,147.96,148.58,147.46,149.87,53950201
361,2022-06-09,142.64,147.08,142.53,147.95,69472976
362,2022-06-10,137.13,140.28,137.06,140.76,91566637
363,2022-06-13,131.88,132.87,131.44,135.2,122207099
364,2022-06-14,132.76,133.13,131.48,133.89,84784326
365,2022-06-15,135.43,134.29,132.16,137.34,91532972
366,2022-06-16,130.06,132.08,129.04,132.39,107961508
367,2022-06-17,131.56,130.065,129.81,133.079,134520290
368,2022-06-21,135.87,133.42,133.32,137.06,81000488
369,2022-06-22,135.35,134.79,133.91,137.76,73409234
370,2022-06-23,138.27,136.82,135.63,138.59,72433768
371,2022-06-24,141.66,139.9,139.77,141.91,89116837
372,2022-06-27,141.66,142.695,140.965,143.49,70207908
373,2022-06-28,137.44,142.13,137.325,143.422,67315328
374,2022-06-29,139.23,137.46,136.67,140.67,66242411
375,2022-06-30,136.72,137.25,133.774,138.37,98964467
376,2022-07-01,138.93,136.04,135.66,139.04,71051552
377,2022-07-05,141.56,137.77,136.93,141.61,73429641
378,2022-07-06,142.92,141.355,141.08,144.12,74064254
379,2022-07-07,146.35,143.29,143.28,146.55,66253709
380,2022-07-08,147.04,145.265,145.0,147.55,64547798
381,2022-07-11,144.87,145.67,143.78,146.64,63305113
382,2022-07-12,145.86,145.76,145.05,148.45,77588759
383,2022-07-13,145.49,142.99,142.12,146.45,71185560
384,2022-07-14,148.47,144.08,143.25,148.95,78140744
385,2022-07-15,150.17,149.78,148.2,150.86,76259931
386,2022-07-18,147.07,150.74,146.7,151.57,81420868
387,2022-07-19,151.0,147.92,146.91,151.23,82982367
388,2022-07-20,153.04,151.12,150.37,153.72,64823413
389,2022-07-21,155.35,154.5,151.94,155.57,65086636
390,2022-07-22,154.09,155.39,153.41,156.28,66675408
391,2022-07-25,152.95,154.01,152.28,155.04,53623945
392,2022-07-26,151.6,152.265,150.8,153.085,55138691
393,2022-07-27,156.79,152.58,152.16,157.33,78620688
394,2022-07-28,157.35,156.98,154.41,157.64,81378731
395,2022-07-29,162.51,161.24,159.5,163.63,101786860
396,2022-08-01,161.51,161.01,160.89,163.59,67829379
397,2022-08-02,160.01,160.1,159.63,162.41,59907025
398,2022-08-03,166.13,160.84,160.75,166.59,82507488
399,2022-08-04,165.81,166.005,164.43,167.19,55474144
400,2022-08-05,165.35,163.21,163.0,165.85,56696985
401,2022-08-08,164.87,166.37,164.2,167.81,60362338
402,2022-08-09,164.92,164.02,163.25,165.82,63135503
403,2022-08-10,169.24,167.68,166.9,169.34,70170540
404,2022-08-11,168.49,170.06,168.19,170.99,57149159
405,2022-08-12,172.1,169.82,169.4,172.17,68039382
406,2022-08-15,173.19,171.52,171.345,173.39,54091694
407,2022-08-16,173.03,172.78,171.662,173.71,56377050
408,2022-08-17,174.55,172.77,172.57,176.15,79542037
409,2022-08-18,174.15,173.75,173.12,174.9,62290075
410,2022-08-19,171.52,173.03,171.31,173.74,70346295
411,2022-08-22,167.57,169.69,167.135,169.86,69026809
412,2022-08-23,167.23,167.08,166.65,168.71,54147079
413,2022-08-24,167.53,167.32,166.245,168.11,53841524
414,2022-08-25,170.03,168.78,168.35,170.14,51218209
415,2022-08-26,163.62,170.57,163.56,171.05,78960980
416,2022-08-29,161.38,161.145,159.82,162.9,73313953
417,2022-08-30,158.91,162.13,157.72,162.56,77906197
418,2022-08-31,157.22,160.305,157.14,160.58,87991091
419,2022-09-01,157.96,156.64,154.67,158.42,74229896
420,2022-09-02,155.81,159.75,154.965,160.362,76957768
421,2022-09-06,154.53,156.47,153.69,157.09,73714843
422,2022-09-07,155.96,154.825,153.61,156.67,87449574
423,2022-09-08,154.46,154.64,152.68,156.36,84923847
424,2022-09-09,157.37,155.47,154.75,157.82,68081006
425,2022-09-12,163.43,159.59,159.3,164.26,104955962
426,2022-09-13,153.84,159.9,153.37,160.54,122656614
427,2022-09-14,155.31,154.785,153.611,157.1,87965409
428,2022-09-15,152.37,154.65,151.38,155.24,90481110
429,2022-09-16,150.7,151.21,148.37,151.35,162278841
430,2022-09-19,154.48,149.31,149.1,154.56,81474246
431,2022-09-20,156.9,153.4,153.08,158.08,107689796
432,2022-09-21,153.72,157.34,153.6,158.74,101696790
433,2022-09-22,152.74,152.38,150.91,154.47,86652542
434,2022-09-23,150.43,151.19,148.56,151.47,96029909
435,2022-09-26,150.77,149.66,149.64,153.77,93339409
436,2022-09-27,151.76,152.74,149.945,154.72,84442741
437,2022-09-28,149.84,147.64,144.84,150.641,146691387
438,2022-09-29,142.48,146.1,140.68,146.72,128138237
439,2022-09-30,138.2,141.28,138.0,143.1,124925274
440,2022-10-03,142.45,138.21,137.685,143.07,114311663
441,2022-10-04,146.1,145.03,144.26,146.22,87830064
442,2022-10-05,146.4,144.075,143.01,147.38,79470968
443,2022-10-06,145.43,145.81,145.22,147.54,68402169
444,2022-10-07,140.09,142.54,139.445,143.1,85925559
445,2022-10-10,140.42,140.42,138.573,141.89,74899002
446,2022-10-11,138.98,139.9,138.22,141.35,77033672
447,2022-10-12,138.34,139.13,138.16,140.36,70433744
448,2022-10-13,142.99,134.99,134.37,143.59,113223975
449,2022-10-14,138.38,144.31,138.19,144.52,88597969
450,2022-10-17,142.41,141.065,140.27,142.9,85250939
451,2022-10-18,143.75,145.49,140.61,146.7,99136610
452,2022-10-19,143.86,141.69,141.5,144.949,61758340
453,2022-10-20,143.39,143.02,142.65,145.89,64521989
454,2022-10-21,147.27,142.87,142.649,147.848,86548609
455,2022-10-24,149.45,147.185,146.0,150.23,75981918
456,2022-10-25,152.34,150.09,149.36,152.49,74732290
457,2022-10-26,149.35,150.96,148.04,151.99,88436172
458,2022-10-27,144.8,148.07,144.13,149.046,109180150
459,2022-10-28,155.74,148.2,147.82,157.5,164762371
460,2022-10-31,153.34,153.155,151.92,154.24,97943171
461,2022-11-01,150.65,155.08,149.13,155.45,80379345
462,2022-11-02,145.03,148.945,145.0,152.17,93604623
463,2022-11-03,138.88,142.06,138.75,142.8,97918516
464,2022-11-04,138.38,142.09,134.38,142.67,140814796
465,2022-11-07,138.92,137.11,135.671,139.145,83374628
466,2022-11-08,139.5,140.41,137.49,141.43,89908477
467,2022-11-09,134.87,138.5,134.593,138.55,74917794
468,2022-11-10,146.87,141.24,139.5,146.87,118854028
469,2022-11-11,149.7,145.82,144.37,150.01,93979665
470,2022-11-14,148.28,148.97,147.43,150.28,73374114
471,2022-11-15,150.04,152.215,148.561,153.59,89868332
472,2022-11-16,148.79,149.13,147.29,149.87,64218266
473,2022-11-17,150.72,146.43,146.15,151.48,80389400
474,2022-11-18,151.29,152.305,149.97,152.7,74829573
475,2022-11-21,148.01,150.16,147.715,150.37,58724070
476,2022-11-22,150.18,148.13,146.925,150.42,51804132
477,2022-11-23,151.07,149.45,149.34,151.83,58301395
478,2022-11-25,148.11,148.305,147.12,148.88,35195860
479,2022-11-28,144.22,145.14,143.38,146.64,69346522
480,2022-11-29,141.17,144.29,140.355,144.81,83763803
481,2022-11-30,148.03,141.395,140.55,148.72,111380880
482,2022-12-01,148.31,148.21,146.61,149.13,71250416
483,2022-12-02,147.81,145.96,145.65,148.0,65447446
484,2022-12-05,146.63,147.77,145.77,150.92,68826442
485,2022-12-06,142.91,147.075,141.92,147.3,64727186
486,2022-12-07,140.94,142.19,140.0,143.37,69721094
487,2022-12-08,142.65,142.36,141.1,143.52,62128338
488,2022-12-09,142.16,142.34,140.9,145.57,76097011
489,2022-12-12,144.49,142.7,141.06,144.5,70462654
490,2022-12-13,145.47,149.5,144.24,149.969,93886161
491,2022-12-14,143.21,145.35,141.16,146.655,82291182
492,2022-12-15,136.5,141.11,136.025,141.8,98931907
493,2022-12-16,134.51,136.685,133.73,137.65,160156900
494,2022-12-19,132.37,135.11,131.32,135.2,79592614
495,2022-12-20,132.3,131.39,129.89,133.25,77432819
496,2022-12-21,135.45,132.98,132.75,136.81,85927993
497,2022-12-22,132.23,134.352,130.3,134.56,77852108
498,2022-12-23,131.86,130.92,129.64,132.415,63814893
499,2022-12-27,130.03,131.38,128.72,131.41,69007830
500,2022-12-28,126.04,129.67,125.87,131.028,85438391
501,2022-12-29,129.61,127.99,127.73,130.481,75703710
502,2022-12-30,129.93,128.41,127.43,129.95,77034209
503,2023-01-03,125.07,130.28,124.17,130.9,112117471
504,2023-01-04,126.36,126.89,125.08,128.656,89113633
505,2023-01-05,125.02,127.13,124.76,127.77,80962708
506,2023-01-06,129.62,126.01,124.89,130.29,87754715
507,2023-01-09,130.15,130.465,129.89,133.41,70790813
508,2023-01-10,130.73,130.26,128.12,131.264,63896155
509,2023-01-11,133.49,131.25,130.46,133.51,69458949
510,2023-01-12,133.41,133.88,131.44,134.26,71379648
511,2023-01-13,134.76,132.03,131.66,134.92,57809719
512,2023-01-17,135.94,134.83,134.13,137.29,63646627
513,2023-01-18,135.21,136.815,135.03,138.61,69672800
514,2023-01-19,135.27,134.08,133.77,136.25,58280413
515,2023-01-20,137.87,135.28,134.22,138.02,80223626
516,2023-01-23,141.11,138.12,137.9,143.315,81760313
517,2023-01-24,142.53,140.305,140.3,143.16,66435142
518,2023-01-25,141.86,140.89,138.81,142.43,65799349
519,2023-01-26,143.96,143.17,141.9,144.25,54105068
520,2023-01-27,145.93,143.155,143.08,147.23,70555843
521,2023-01-30,143.0,144.955,142.85,145.55,64015274
522,2023-01-31,144.29,142.7,142.28,144.34,65874459
523,2023-02-01,145.43,143.97,141.32,146.61,77663633
524,2023-02-02,150.82,148.9,148.17,151.18,118338980
525,2023-02-03,154.5,148.03,147.83,157.38,154357337
526,2023-02-06,151.73,152.575,150.78,153.1,69858306
527,2023-02-07,154.65,150.64,150.64,155.23,83322551
528,2023-02-08,151.92,153.88,151.168,154.58,64120079
529,2023-02-09,150.87,153.775,150.42,154.33,56007143
530,2023-02-10,151.01,149.46,149.22,151.34,57450708
531,2023-02-13,153.85,150.952,150.92,154.26,62199013
532,2023-02-14,153.2,152.12,150.86,153.77,61707573
533,2023-02-15,155.33,153.11,152.88,155.5,65669252
534,2023-02-16,153.71,153.51,153.348,156.33,68167942
535,2023-02-17,152.55,152.35,150.85,153.0,59144118
536,2023-02-21,148.48,150.2,148.405,151.3,58867230
537,2023-02-22,148.91,148.87,147.16,149.95,51011305
538,2023-02-23,149.4,150.09,147.24,150.34,48394249
539,2023-02-24,146.71,147.11,145.72,147.19,55469606
540,2023-02-27,147.92,147.71,147.45,149.17,44998470
541,2023-02-28,147.41,147.05,146.83,149.08,50546998
542,2023-03-01,145.31,146.83,145.01,147.229,55478991
543,2023-03-02,145.91,144.38,143.9,146.71,52279761
544,2023-03-03,151.03,148.045,147.33,151.11,70732297
545,2023-03-06,153.83,153.785,153.46,156.3,87558028
546,2023-03-07,151.6,153.7,151.13,154.03,56182028
547,2023-03-08,152.87,152.81,151.83,153.47,47204791
548,2023-03-09,150.59,153.559,150.225,154.535,53833582
549,2023-03-10,148.5,150.21,147.61,150.94,68572400
550,2023-03-13,150.47,147.805,147.7,153.14,84457122
551,2023-03-14,152.59,151.28,150.1,153.4,73695893
552,2023-03-15,152.99,151.19,149.92,153.245,77167866
553,2023-03-16,155.85,152.16,151.64,156.46,76254419
554,2023-03-17,155.0,156.08,154.28,156.74,98944633
555,2023-03-20,157.4,155.07,154.15,157.82,73641415
556,2023-03-21,159.28,157.32,156.54,159.4,73938285
557,2023-03-22,157.83,159.3,157.81,162.14,75701811
558,2023-03-23,158.93,158.83,157.68,161.55,67622060
559,2023-03-24,160.25,158.86,157.85,160.34,59256343
560,2023-03-27,158.28,159.94,157.87,160.77,52390266
561,2023-03-28,157.65,157.97,155.98,158.49,45992152
562,2023-03-29,160.77,159.37,159.35,161.05,51305691
563,2023-03-30,162.36,161.53,161.271,162.47,49501689
564,2023-03-31,164.9,162.44,161.91,165.0,68749792
565,2023-04-03,166.17,164.27,164.22,166.29,56976187
566,2023-04-04,165.63,166.595,165.11,166.84,46278295
567,2023-04-05,163.76,164.74,161.8,165.05,51511744
568,2023-04-06,164.66,162.43,162.0,164.958,45390123
569,2023-04-10,162.03,161.42,160.08,162.03,47716882
570,2023-04-11,160.8,162.35,160.51,162.36,47644217
571,2023-04-12,160.1,161.22,159.78,162.06,50133062
572,2023-04-13,165.56,161.63,161.42,165.8,68445649
573,2023-04-14,165.21,164.59,163.82,166.32,49386480
574,2023-04-17,165.23,165.09,164.03,165.39,41516217
575,2023-04-18,166.47,166.1,165.65,167.41,49923008
576,2023-04-19,167.63,165.8,165.54,168.16,47720166
577,2023-04-20,166.65,166.09,165.56,167.87,52456377
578,2023-04-21,165.02,165.05,164.49,166.452,58337341
579,2023-04-24,165.33,165.0,163.89,165.6,41949581
580,2023-04-25,163.77,165.19,163.73,166.305,48714063
581,2023-04-26,163.76,163.055,162.8,165.28,45498796
582,2023-04-27,168.41,165.19,165.19,168.56,64902329
583,2023-04-28,169.68,168.49,167.88,169.85,55275851
584,2023-05-01,169.59,169.28,168.64,170.45,52472936
585,2023-05-02,168.54,170.09,167.54,170.35,48425696
586,2023-05-03,167.45,169.5,167.16,170.92,65136018
587,2023-05-04,165.79,164.89,164.31,167.04,81235427
588,2023-05-05,173.57,170.975,170.76,174.3,113453171
589,2023-05-08,173.5,172.48,172.11,173.85,55962793
590,2023-05-09,171.77,173.05,171.6,173.54,45326874
591,2023-05-10,173.555,173.02,171.9,174.03,53724501
592,2023-05-11,173.75,173.85,172.17,174.59,49514676
593,2023-05-12,172.57,173.62,171.0,174.06,45533138
594,2023-05-15,172.07,173.16,171.47,173.21,37266659
595,2023-05-16,172.07,171.99,171.799,173.138,42110293
596,2023-05-17,172.69,171.71,170.42,172.925,57951604
597,2023-05-18,175.05,173.0,172.58,175.24,65496657
598,2023-05-19,175.16,176.39,174.94,176.39,55809475
599,2023-05-22,174.2,173.98,173.45,174.71,43570932
600,2023-05-23,171.56,173.13,171.275,173.379,50747263
601,2023-05-24,171.84,171.09,170.52,172.418,45143488
602,2023-05-25,172.99,172.41,171.69,173.895,56058258
603,2023-05-26,175.43,173.32,173.11,175.77,54834975
604,2023-05-30,177.3,176.96,176.57,178.99,55964401
605,2023-05-31,177.25,177.325,176.76,179.35,99625288
606,2023-06-01,180.09,177.7,176.931,180.12,68901809
607,2023-06-02,180.95,181.03,179.26,181.78,61996913
608,2023-06-05,179.58,182.63,178.035,184.951,121946497
609,2023-06-06,179.21,179.965,177.43,180.12,64848374
610,2023-06-07,177.82,178.44,177.32,181.21,61944615
611,2023-06-08,180.57,177.895,177.46,180.84,50214881
612,2023-06-09,180.96,181.5,180.63,182.23,48899973
613,2023-06-12,183.79,181.27,180.97,183.89,54754995
614,2023-06-13,183.31,182.8,182.44,184.15,54929129
615,2023-06-14,183.95,183.37,182.02,184.39,57462882
616,2023-06-15,186.01,183.96,183.78,186.52,65433166
617,2023-06-16,184.92,186.73,184.27,186.99,101256225
618,2023-06-20,185.01,184.41,184.41,186.1,49799092
619,2023-06-21,183.96,184.9,182.59,185.41,49515697
620,2023-06-22,187.0,183.74,183.67,187.045,51245327
621,2023-06-23,186.68,185.55,185.01,187.56,53116996
622,2023-06-26,185.27,186.83,185.23,188.05,48088661
623,2023-06-27,188.06,185.89,185.67,188.39,50730846
624,2023-06-28,189.25,187.93,187.6,189.9,51216801
625,2023-06-29,189.59,189.08,188.94,190.07,46347308
626,2023-06-30,193.97,191.63,191.26,194.48,85213216
627,2023-07-03,192.46,193.78,191.76,193.88,31458198
628,2023-07-05,191.33,191.565,190.62,192.98,46920261
629,2023-07-06,191.81,189.84,189.2,192.02,45156009
630,2023-07-07,190.68,191.41,190.24,192.67,46814998
631,2023-07-10,188.61,189.26,187.035,189.99,59922163
632,2023-07-11,188.08,189.16,186.6,189.3,46638119
633,2023-07-12,189.77,189.68,188.47,191.7,60750248
634,2023-07-13,190.54,190.5,189.78,191.19,41342338
635,2023-07-14,190.69,190.23,189.63,191.18,41616242
636,2023-07-17,193.99,191.9,191.81,194.32,50520159
637,2023-07-18,193.73,193.35,192.415,194.33,48353774
638,2023-07-19,195.1,193.1,192.65,198.23,80507323
639,2023-07-20,193.13,195.09,192.495,196.47,59581196
640,2023-07-21,191.94,194.1,191.23,194.97,71951683
641,2023-07-24,192.75,193.41,192.25,194.91,45505097
642,2023-07-25,193.62,193.33,192.915,194.44,37283201
643,2023-07-26,194.5,193.67,193.32,195.64,47471868
644,2023-07-27,193.22,196.02,192.55,197.2,47460180
645,2023-07-28,195.83,194.67,194.14,196.626,48291443
646,2023-07-31,196.45,196.06,195.26,196.49,38824113
647,2023-08-01,195.605,196.235,195.28,196.73,35281426
648,2023-08-02,192.58,195.04,191.851,195.18,50389327
649,2023-08-03,191.17,191.57,190.69,192.37,62243282
650,2023-08-04,181.99,185.52,181.92,187.38,115956841
651,2023-08-07,178.85,182.13,177.35,183.13,97576069
652,2023-08-08,179.8,179.69,177.58,180.27,67823003
653,2023-08-09,178.19,180.87,177.01,180.93,60378492
654,2023-08-10,177.97,179.48,177.6,180.75,54686851
655,2023-08-11,177.79,177.32,176.55,178.62,52036672
656,2023-08-14,179.46,177.97,177.305,179.69,43675627
657,2023-08-15,177.45,178.88,177.05,179.48,43622593
658,2023-08-16,176.57,177.13,176.5,178.54,46964857
659,2023-08-17,174.0,177.14,173.48,177.505,66062882
660,2023-08-18,174.49,172.3,171.96,175.1,61172150
661,2023-08-21,175.84,175.07,173.735,176.13,46311879
662,2023-08-22,177.23,177.06,176.25,177.68,42084245
663,2023-08-23,181.12,178.52,178.325,181.55,52722752
664,2023-08-24,176.38,180.674,176.01,181.104,54945798
665,2023-08-25,178.61,177.38,175.82,179.15,51449594
666,2023-08-28,180.19,180.09,178.545,180.59,43820697
667,2023-08-29,184.12,179.695,179.5,184.9,53003948
668,2023-08-30,187.65,184.94,184.74,187.85,60813888
669,2023-08-31,187.87,187.84,187.48,189.12,60794467
670,2023-09-01,189.46,189.485,188.28,189.92,45766503
671,2023-09-05,189.7,188.28,187.61,189.98,45280027
672,2023-09-06,182.91,188.4,181.47,188.85,81755816
673,2023-09-07,177.56,175.18,173.54,178.21,112488803
674,2023-09-08,178.18,178.35,177.79,180.239,65602066
675,2023-09-11,179.36,180.07,177.34,180.3,58953052
676,2023-09-12,176.3,179.49,174.82,180.13,90370192
677,2023-09-13,174.21,176.51,173.98,177.3,84267928
678,2023-09-14,175.74,174.0,173.58,176.1,60895757
679,2023-09-15,175.01,176.48,173.82,176.495,109259461
680,2023-09-18,177.97,176.48,176.17,179.38,67257573
681,2023-09-19,179.07,177.52,177.13,179.63,51826941
682,2023-09-20,175.49,179.26,175.4,179.695,58436181
683,2023-09-21,173.93,174.55,173.86,176.3,63149116
684,2023-09-22,174.79,174.67,174.05,177.079,56725385
685,2023-09-25,176.08,174.2,174.15,176.97,46172740
686,2023-09-26,171.96,174.82,171.66,175.2,64588945
687,2023-09-27,170.43,172.62,169.05,173.04,66921808
688,2023-09-28,170.69,169.34,167.62,172.03,56294419
689,2023-09-29,171.21,172.02,170.341,173.07,51861083
690,2023-10-02,173.75,171.22,170.93,174.3,52164535
691,2023-10-03,172.4,172.255,170.82,173.63,49594613
692,2023-10-04,173.66,171.09,170.97,174.21,53020286
693,2023-10-05,174.91,173.79,172.68,175.45,48527918
694,2023-10-06,177.49,173.8,173.18,177.99,57266675
695,2023-10-09,178.99,176.81,175.8,179.05,42390772
696,2023-10-10,178.39,178.1,177.95,179.72,43698019
697,2023-10-11,179.8,178.2,177.6,179.85,47551098
698,2023-10-12,180.71,180.07,179.04,182.34,56743119
699,2023-10-13,178.85,181.42,178.14,181.93,51456082
700,2023-10-16,178.72,176.75,176.51,179.075,52516984
701,2023-10-17,177.15,176.645,174.8,178.42,57549350
702,2023-10-18,175.84,175.58,175.11,177.575,54764375
703,2023-10-19,175.46,176.04,175.19,177.84,59302863
704,2023-10-20,172.88,175.31,172.64,175.42,64244028
705,2023-10-23,173.0,170.91,169.93,174.01,55980109
706,2023-10-24,173.44,173.05,171.45,173.67,43816644
707,2023-10-25,171.1,171.88,170.65,173.06,57156962
708,2023-10-26,166.89,170.37,165.67,171.378,70625258
709,2023-10-27,168.22,166.91,166.83,168.96,58499129
710,2023-10-30,170.29,169.02,168.87,171.17,51130955
711,2023-10-31,170.77,169.35,167.9,170.9,44846017
712,2023-11-01,173.97,171.0,170.12,174.23,56934906
713,2023-11-02,177.57,175.52,175.46,177.78,77334752
714,2023-11-03,176.65,174.24,173.35,176.82,79829246
715,2023-11-06,179.23,176.38,176.21,179.43,63841310
716,2023-11-07,181.82,179.18,178.97,182.44,70529966
717,2023-11-08,182.89,182.35,181.59,183.45,49340282
718,2023-11-09,182.41,182.96,181.81,184.12,53763540
719,2023-11-10,186.4,183.97,183.53,186.565,66177922
720,2023-11-13,184.8,185.82,184.21,186.03,43627519
721,2023-11-14,187.44,187.7,186.3,188.11,60108378
722,2023-11-15,188.01,187.845,187.78,189.5,53790499
723,2023-11-16,189.71,189.57,188.65,190.96,54412915
724,2023-11-17,189.69,190.25,188.57,190.38,50941404
725,2023-11-20,191.45,189.89,189.88,191.905,46538614
726,2023-11-21,190.64,191.41,189.74,191.52,38134485
727,2023-11-22,191.31,191.49,190.825,192.93,39630011
728,2023-11-24,189.97,190.87,189.25,190.9,24048344
729,2023-11-27,189.79,189.92,188.9,190.67,40552609
730,2023-11-28,190.4,189.78,189.4,191.08,38415419
731,2023-11-29,189.37,190.9,188.97,192.09,43014224
732,2023-11-30,189.95,189.84,188.19,190.32,48794366
733,2023-12-01,191.24,190.33,189.23,191.56,45704823
734,2023-12-04,189.43,189.98,187.451,190.05,43389519
735,2023-12-05,193.42,190.21,190.18,194.4,66628398
736,2023-12-06,192.32,194.45,192.11,194.76,41089737
737,2023-12-07,194.27,193.63,193.59,195.0,47477655
738,2023-12-08,195.71,194.2,193.67,195.99,53406358
739,2023-12-11,193.18,193.11,191.42,193.49,60943699
740,2023-12-12,194.71,193.08,191.721,194.72,52696900
741,2023-12-13,197.96,195.09,194.85,198.0,70404183
742,2023-12-14,198.11,198.02,196.16,199.62,66831572
743,2023-12-15,197.57,197.53,197.0,198.4,128538401
744,2023-12-18,195.89,196.09,194.39,196.63,55751861
745,2023-12-19,196.94,196.16,195.89,196.95,40714051
746,2023-12-20,194.83,196.9,194.83,197.68,52242815
747,2023-12-21,194.68,196.1,193.5,197.08,46482549
748,2023-12-22,193.6,195.18,192.97,195.41,37149570
749,2023-12-26,193.05,193.61,192.83,193.89,28919310
750,2023-12-27,193.15,192.49,191.09,193.5,48087681
751,2023-12-28,193.58,194.14,193.17,194.66,34049898
752,2023-12-29,192.53,193.9,191.725,194.4,42672148
